{
	"biome": "minecraft:plains",
	"generationWeight": 8,
	"useDefaultDecorations": true,
	"isSubBiome": false,
	"blocks": {},
	"entities": [
		{
			"spawnWeight": 100,
			"minimumGroupCount": 4,
			"maximumGroupCount": 4,
			"entity": "minecraft:spider"
		}, 
		{
			"spawnWeight": 95,
			"minimumGroupCount": 4,
			"maximumGroupCount": 4,
			"entity": "minecraft:zombie"
		}, 
		{
			"spawnWeight": 5,
			"minimumGroupCount": 1,
			"maximumGroupCount": 1,
			"entity": "minecraft:zombie_villager"
		}, 
		{
			"spawnWeight": 100,
			"minimumGroupCount": 4,
			"maximumGroupCount": 4,
			"entity": "minecraft:skeleton"
		}, 
		{
			"spawnWeight": 100,
			"minimumGroupCount": 4,
			"maximumGroupCount": 4,
			"entity": "minecraft:creeper"
		}, 
		{
			"spawnWeight": 100,
			"minimumGroupCount": 4,
			"maximumGroupCount": 4,
			"entity": "minecraft:slime"
		}, 
		{
			"spawnWeight": 10,
			"minimumGroupCount": 1,
			"maximumGroupCount": 4,
			"entity": "minecraft:enderman"
		}, 
		{
			"spawnWeight": 5,
			"minimumGroupCount": 1,
			"maximumGroupCount": 1,
			"entity": "minecraft:witch"
		}, 
		{
			"spawnWeight": 10,
			"minimumGroupCount": 1,
			"maximumGroupCount": 3,
			"entity": "animalium:wild_dog"
		}, 
		{
			"spawnWeight": 1,
			"minimumGroupCount": 1,
			"maximumGroupCount": 1,
			"entity": "animalium:bear"
		}, 
		{
			"spawnWeight": 10,
			"minimumGroupCount": 1,
			"maximumGroupCount": 3,
			"entity": "animalium:rat"
		}, 
		{
			"spawnWeight": 1,
			"minimumGroupCount": 1,
			"maximumGroupCount": 1,
			"entity": "emberroot:withercat"
		}, 
		{
			"spawnWeight": 30,
			"minimumGroupCount": 1,
			"maximumGroupCount": 1,
			"entity": "emberroot:creeper"
		}, 
		{
			"spawnWeight": 1,
			"minimumGroupCount": 1,
			"maximumGroupCount": 1,
			"entity": "emberroot:slime"
		}, 
		{
			"spawnWeight": 17,
			"minimumGroupCount": 2,
			"maximumGroupCount": 5,
			"entity": "emberroot:enderminy"
		}, 
		{
			"spawnWeight": 15,
			"minimumGroupCount": 1,
			"maximumGroupCount": 1,
			"entity": "emberroot:rainbow_golem"
		}, 
		{
			"spawnWeight": 1,
			"minimumGroupCount": 1,
			"maximumGroupCount": 1,
			"entity": "emberroot:rainbowslime"
		}, 
		{
			"spawnWeight": 4,
			"minimumGroupCount": 1,
			"maximumGroupCount": 1,
			"entity": "emberroot:dire_wolf"
		}, 
		{
			"spawnWeight": 15,
			"minimumGroupCount": 1,
			"maximumGroupCount": 1,
			"entity": "emberroot:witherwitch"
		}, 
		{
			"spawnWeight": 20,
			"minimumGroupCount": 1,
			"maximumGroupCount": 3,
			"entity": "emberroot:knight_fallen"
		}, 
		{
			"spawnWeight": 1,
			"minimumGroupCount": 1,
			"maximumGroupCount": 1,
			"entity": "emberroot:rootsonespriteling"
		}, 
		{
			"spawnWeight": 15,
			"minimumGroupCount": 1,
			"maximumGroupCount": 1,
			"entity": "emberroot:skeleton_frozen"
		}, 
		{
			"spawnWeight": 2000,
			"minimumGroupCount": 1,
			"maximumGroupCount": 3,
			"entity": "magma_monsters:magma_monster"
		}, 
		{
			"spawnWeight": 2000,
			"minimumGroupCount": 1,
			"maximumGroupCount": 3,
			"entity": "magma_monsters:magma_monster_grunt"
		}, 
		{
			"spawnWeight": 15,
			"minimumGroupCount": 1,
			"maximumGroupCount": 2,
			"entity": "eyesinthedarkness:eyes"
		}, 
		{
			"spawnWeight": 8,
			"minimumGroupCount": 1,
			"maximumGroupCount": 1,
			"entity": "cannibalism:wendigo_villager"
		}, 
		{
			"spawnWeight": 10,
			"minimumGroupCount": 1,
			"maximumGroupCount": 2,
			"entity": "playerskins:playermob"
		}, 
		{
			"spawnWeight": 2,
			"minimumGroupCount": 1,
			"maximumGroupCount": 1,
			"entity": "mowziesmobs:grottol"
		}, 
		{
			"spawnWeight": 12,
			"minimumGroupCount": 4,
			"maximumGroupCount": 4,
			"entity": "minecraft:sheep"
		}, 
		{
			"spawnWeight": 10,
			"minimumGroupCount": 4,
			"maximumGroupCount": 4,
			"entity": "minecraft:pig"
		}, 
		{
			"spawnWeight": 10,
			"minimumGroupCount": 4,
			"maximumGroupCount": 4,
			"entity": "minecraft:chicken"
		}, 
		{
			"spawnWeight": 8,
			"minimumGroupCount": 4,
			"maximumGroupCount": 4,
			"entity": "minecraft:cow"
		}, 
		{
			"spawnWeight": 5,
			"minimumGroupCount": 2,
			"maximumGroupCount": 6,
			"entity": "minecraft:horse"
		}, 
		{
			"spawnWeight": 1,
			"minimumGroupCount": 1,
			"maximumGroupCount": 3,
			"entity": "minecraft:donkey"
		}, 
		{
			"spawnWeight": 10,
			"minimumGroupCount": 1,
			"maximumGroupCount": 3,
			"entity": "chococraft:chocobo"
		}, 
		{
			"spawnWeight": 20,
			"minimumGroupCount": 3,
			"maximumGroupCount": 7,
			"entity": "emberroot:deers"
		}, 
		{
			"spawnWeight": 20,
			"minimumGroupCount": 1,
			"maximumGroupCount": 4,
			"entity": "emberroot:fairies"
		}, 
		{
			"spawnWeight": 5,
			"minimumGroupCount": 1,
			"maximumGroupCount": 1,
			"entity": "emberroot:hero"
		}, 
		{
			"spawnWeight": 15,
			"minimumGroupCount": 1,
			"maximumGroupCount": 1,
			"entity": "emberroot:owl"
		}, 
		{
			"spawnWeight": 10,
			"minimumGroupCount": 2,
			"maximumGroupCount": 4,
			"entity": "emberroot:sprouts"
		}, 
		{
			"spawnWeight": 10,
			"minimumGroupCount": 8,
			"maximumGroupCount": 8,
			"entity": "minecraft:bat"
		}, 
		{
			"spawnWeight": 10,
			"minimumGroupCount": 4,
			"maximumGroupCount": 4,
			"entity": "minecraft:squid"
		}
	],
	"traits": [],
	"subBiomes": []
}