{"stat.walkOneCm":49604,"stat.pickup.cannibalism.playerfleshcooked":1,"stat.pickup.minecraft.crafting_table":1,"stat.pickup.minecraft.stone_pickaxe":1,"stat.pickup.minecraft.stone_axe":1,"stat.craftItem.minecraft.crafting_table":1,"stat.furnaceInteraction":18,"stat.pickup.iceandfire.rotten_egg":1,"stat.mineBlock.minecraft.coal_ore":23,"stat.pickup.minecraft.log":29,"stat.swimOneCm":5738,"stat.jump":258,"stat.pickup.minecraft.coal":34,"stat.fallOneCm":4079,"stat.pickup.minecraft.furnace":2,"stat.useItem.minecraft.stone_axe":21,"stat.craftItem.minecraft.stone_slab2":0,"stat.crouchOneCm":600,"stat.pickup.minecraft.chicken":3,"stat.drop.minecraft.brown_mushroom":1,"stat.sprintOneCm":42183,"stat.useItem.minecraft.stone_slab2":4,"stat.useItem.minecraft.cooked_chicken":3,"stat.craftingTableInteraction":1,"stat.craftItem.minecraft.furnace":1,"stat.craftItem.minecraft.planks":92,"stat.killEntity.Chicken":3,"stat.useItem.minecraft.egg":1,"stat.craftItem.cannibalism.playerfleshcooked":4,"stat.damageTaken":730,"stat.pickup.minecraft.feather":1,"stat.pickup.cannibalism.playerflesh":6,"stat.mineBlock.minecraft.crafting_table":1,"stat.pickup.minecraft.stone_sword":1,"stat.mineBlock.minecraft.furnace":2,"stat.pickup.minecraft.cobblestone":44,"stat.mobKills":3,"stat.mineBlock.minecraft.log":4,"stat.craftItem.minecraft.cooked_chicken":3,"stat.pickup.minecraft.prismarine_crystals":2,"stat.flyOneCm":35487,"stat.pickup.minecraft.brown_mushroom":1,"stat.drop":1,"stat.pickup.minecraft.wheat_seeds":1,"stat.mineBlock.minecraft.leaves":6,"stat.pickup.minecraft.egg":1,"stat.playOneMinute":16719,"stat.useItem.minecraft.stone_pickaxe":61,"stat.sneakTime":298,"stat.useItem.minecraft.stone_sword":9,"stat.pickup.rustic.chili_pepper_seeds":2,"stat.useItem.cannibalism.playerfleshcooked":5,"stat.damageDealt":164,"stat.pickup.astralsorcery.blockmarble":1,"stat.pickup.zawa.care_guide":1,"stat.timeSinceDeath":16719,"stat.mineBlock.minecraft.stone":36,"stat.mineBlock.minecraft.tallgrass":9,"stat.diveOneCm":41}