{"stat.pickup.minecraft.bone":1,"stat.pickup.dttraverse.autumn_orangeseed":2,"stat.leaveGame":2,"stat.mineBlock.minecraft.cobblestone":1,"stat.pickup.minecraft.stone_pickaxe":1,"stat.pickup.minecraft.stone_axe":1,"stat.swimOneCm":18416,"stat.jump":811,"stat.useItem.minecraft.sand":24,"stat.pickup.immcraft.rock":1,"stat.pickup.minecraft.coal":89,"stat.fallOneCm":15755,"stat.climbOneCm":876,"stat.useItem.minecraft.stone_axe":22,"stat.crouchOneCm":6997,"stat.drop.minecraft.brown_mushroom":1,"stat.pickup.minecraft.dirt":75,"stat.useItem.minecraft.dirt":52,"stat.useItem.minecraft.stone_slab2":15,"stat.useItem.minecraft.cooked_chicken":3,"stat.craftingTableInteraction":6,"stat.pickup.rustic.horsetail":3,"stat.pickup.minecraft.sand":69,"stat.craftItem.minecraft.furnace":1,"stat.boatOneCm":73773,"stat.mineBlock.immcraft.rock":1,"stat.pickup.rustic.tomato_seeds":2,"stat.useItem.minecraft.egg":2,"stat.craftItem.cannibalism.playerfleshcooked":13,"stat.damageTaken":2244,"stat.pickup.minecraft.feather":1,"stat.mineBlock.minecraft.furnace":5,"stat.pickup.minecraft.cobblestone":66,"stat.pickup.minecraft.planks":1,"stat.pickup.minecraft.prismarine_crystals":2,"stat.useItem.minecraft.stone_shovel":133,"stat.flyOneCm":164997,"stat.pickup.minecraft.brown_mushroom":1,"stat.pickup.minecraft.wheat_seeds":21,"stat.mineBlock.minecraft.sand":70,"stat.pickup.treasure2.ironbound_chest":1,"stat.drop.minecraft.wheat_seeds":4,"stat.drop.minecraft.sand":42,"stat.useItem.minecraft.stone_pickaxe":89,"stat.useItem.minecraft.stone_sword":10,"stat.useItem.cannibalism.playerfleshcooked":14,"stat.damageDealt":323,"stat.drop.cannibalism.playerfleshcooked":1,"stat.timeSinceDeath":7616,"stat.mineBlock.minecraft.dirt":76,"stat.pickup.minecraft.mossy_cobblestone":1,"stat.craftItem.minecraft.stone_shovel":1,"stat.pickup.minecraft.boat":1,"stat.walkOneCm":140562,"stat.pickup.cannibalism.playerfleshcooked":2,"stat.pickup.minecraft.crafting_table":1,"stat.useItem.minecraft.cobblestone":4,"stat.pickup.minecraft.stonebrick":2,"stat.craftItem.minecraft.crafting_table":4,"stat.furnaceInteraction":30,"stat.killEntity.piranha":1,"stat.pickup.iceandfire.rotten_egg":1,"stat.mineBlock.minecraft.coal_ore":23,"stat.craftItem.minecraft.boat":3,"stat.pickup.minecraft.log":36,"stat.pickup.minecraft.string":1,"stat.pickup.minecraft.furnace":5,"stat.craftItem.minecraft.stone_slab2":0,"stat.pickup.minecraft.stone":1,"stat.pickup.minecraft.chicken":3,"stat.useItem.minecraft.written_book":1,"stat.pickup.minecraft.sapling":1,"stat.sprintOneCm":126119,"stat.craftItem.minecraft.stick":8,"stat.craftItem.minecraft.planks":120,"stat.killEntity.Chicken":3,"stat.useItem.minecraft.wheat_seeds":7,"stat.pickup.cannibalism.playerflesh":14,"stat.mineBlock.minecraft.crafting_table":1,"stat.pickup.minecraft.stone_sword":1,"stat.mobKills":4,"stat.mineBlock.minecraft.log":11,"stat.craftItem.minecraft.cooked_chicken":3,"stat.useItem.minecraft.boat":4,"stat.deaths":2,"stat.mineBlock.minecraft.planks":1,"stat.drop":4,"stat.mineBlock.minecraft.leaves":6,"stat.pickup.minecraft.egg":5,"stat.playOneMinute":56118,"stat.sneakTime":2201,"stat.pickup.rustic.chili_pepper_seeds":2,"stat.pickup.astralsorcery.blockmarble":1,"stat.useItem.iceandfire.rotten_egg":1,"stat.pickup.zawa.care_guide":1,"stat.pickup.minecraft.yellow_flower":2,"stat.mineBlock.minecraft.stone":58,"stat.mineBlock.minecraft.tallgrass":11,"stat.diveOneCm":17342,"stat.pickup.minecraft.wheat":8}