{"stat.walkOneCm":14542,"stat.killEntity.Chicken":2,"stat.damageTaken":195,"stat.pickup.minecraft.feather":1,"stat.pickup.minecraft.stone_pickaxe":1,"stat.pickup.minecraft.stone_axe":1,"stat.pickup.minecraft.stone_sword":1,"stat.mobKills":2,"stat.mineBlock.minecraft.log":4,"stat.pickup.minecraft.log":23,"stat.flyOneCm":15752,"stat.pickup.minecraft.brown_mushroom":1,"stat.drop":1,"stat.jump":111,"stat.swimOneCm":4917,"stat.mineBlock.minecraft.leaves":6,"stat.pickup.minecraft.egg":1,"stat.playOneMinute":5019,"stat.fallOneCm":2289,"stat.sneakTime":298,"stat.useItem.minecraft.stone_axe":18,"stat.damageDealt":80,"stat.crouchOneCm":600,"stat.pickup.minecraft.chicken":2,"stat.drop.minecraft.brown_mushroom":1,"stat.pickup.zawa.care_guide":1,"stat.timeSinceDeath":5019,"stat.sprintOneCm":28569,"stat.mineBlock.minecraft.tallgrass":2}