{"stat.pickup.minecraft.bone":1,"stat.pickup.dttraverse.autumn_orangeseed":2,"stat.leaveGame":1,"stat.mineBlock.minecraft.cobblestone":1,"stat.pickup.minecraft.stone_pickaxe":1,"stat.pickup.minecraft.stone_axe":1,"stat.swimOneCm":13560,"stat.jump":578,"stat.useItem.minecraft.sand":24,"stat.pickup.immcraft.rock":1,"stat.pickup.minecraft.coal":54,"stat.fallOneCm":10541,"stat.climbOneCm":140,"stat.useItem.minecraft.stone_axe":22,"stat.crouchOneCm":5686,"stat.drop.minecraft.brown_mushroom":1,"stat.pickup.minecraft.dirt":75,"stat.useItem.minecraft.dirt":52,"stat.useItem.minecraft.stone_slab2":8,"stat.useItem.minecraft.cooked_chicken":3,"stat.craftingTableInteraction":3,"stat.pickup.rustic.horsetail":3,"stat.pickup.minecraft.sand":69,"stat.craftItem.minecraft.furnace":1,"stat.boatOneCm":8439,"stat.mineBlock.immcraft.rock":1,"stat.pickup.rustic.tomato_seeds":2,"stat.useItem.minecraft.egg":2,"stat.craftItem.cannibalism.playerfleshcooked":9,"stat.damageTaken":1302,"stat.pickup.minecraft.feather":1,"stat.mineBlock.minecraft.furnace":3,"stat.pickup.minecraft.cobblestone":66,"stat.pickup.minecraft.planks":1,"stat.pickup.minecraft.prismarine_crystals":2,"stat.useItem.minecraft.stone_shovel":133,"stat.flyOneCm":112048,"stat.pickup.minecraft.brown_mushroom":1,"stat.pickup.minecraft.wheat_seeds":1,"stat.mineBlock.minecraft.sand":70,"stat.drop.minecraft.sand":42,"stat.useItem.minecraft.stone_pickaxe":87,"stat.useItem.minecraft.stone_sword":10,"stat.useItem.cannibalism.playerfleshcooked":8,"stat.damageDealt":311,"stat.timeSinceDeath":7413,"stat.mineBlock.minecraft.dirt":76,"stat.craftItem.minecraft.stone_shovel":1,"stat.pickup.minecraft.boat":1,"stat.walkOneCm":109083,"stat.pickup.cannibalism.playerfleshcooked":1,"stat.pickup.minecraft.crafting_table":1,"stat.useItem.minecraft.cobblestone":2,"stat.craftItem.minecraft.crafting_table":1,"stat.furnaceInteraction":25,"stat.killEntity.piranha":1,"stat.pickup.iceandfire.rotten_egg":1,"stat.mineBlock.minecraft.coal_ore":23,"stat.craftItem.minecraft.boat":1,"stat.pickup.minecraft.log":29,"stat.pickup.minecraft.string":1,"stat.pickup.minecraft.furnace":3,"stat.craftItem.minecraft.stone_slab2":0,"stat.pickup.minecraft.stone":1,"stat.pickup.minecraft.chicken":3,"stat.useItem.minecraft.written_book":1,"stat.pickup.minecraft.sapling":1,"stat.sprintOneCm":96005,"stat.craftItem.minecraft.stick":8,"stat.craftItem.minecraft.planks":92,"stat.killEntity.Chicken":3,"stat.pickup.cannibalism.playerflesh":9,"stat.mineBlock.minecraft.crafting_table":1,"stat.pickup.minecraft.stone_sword":1,"stat.mobKills":4,"stat.mineBlock.minecraft.log":4,"stat.craftItem.minecraft.cooked_chicken":3,"stat.useItem.minecraft.boat":1,"stat.deaths":1,"stat.mineBlock.minecraft.planks":1,"stat.drop":2,"stat.mineBlock.minecraft.leaves":6,"stat.pickup.minecraft.egg":5,"stat.playOneMinute":37333,"stat.sneakTime":1641,"stat.pickup.rustic.chili_pepper_seeds":2,"stat.pickup.astralsorcery.blockmarble":1,"stat.useItem.iceandfire.rotten_egg":1,"stat.pickup.zawa.care_guide":1,"stat.pickup.minecraft.yellow_flower":1,"stat.mineBlock.minecraft.stone":58,"stat.mineBlock.minecraft.tallgrass":11,"stat.diveOneCm":10972}