{"stat.walkOneCm":11187,"stat.useItem.minecraft.egg":1,"stat.leaveGame":3,"stat.damageTaken":560,"stat.pickup.cannibalism.playerflesh":5,"stat.mineBlock.minecraft.log":2,"stat.pickup.minecraft.log":2,"stat.flyOneCm":17898,"stat.deaths":2,"stat.drop":1,"stat.jump":139,"stat.swimOneCm":1704,"stat.pickup.minecraft.egg":1,"stat.mineBlock.minecraft.leaves":1,"stat.playOneMinute":27356,"stat.fallOneCm":3763,"stat.entityKilledBy.Zombie":1,"stat.drop.tombstone.grave_key":1,"stat.sneakTime":59,"stat.damageDealt":30,"stat.crouchOneCm":132,"stat.pickup.zawa.care_guide":1,"stat.timeSinceDeath":2453,"stat.useItem.minecraft.written_book":1,"stat.sprintOneCm":14397,"stat.diveOneCm":6529}