{"stat.chestOpened":2,"stat.killEntity.Bat":1,"stat.walkOneCm":79894,"stat.useItem.minecraft.torch":11,"stat.pickup.minecraft.stick":3,"stat.pickup.minecraft.gravel":3,"stat.pickup.minecraft.crafting_table":2,"stat.craftItem.minecraft.cooked_porkchop":1,"stat.useItem.minecraft.cobblestone":3,"stat.craftItem.minecraft.crafting_table":2,"stat.furnaceInteraction":40,"stat.useItem.minecraft.gravel":2,"stat.useItem.minecraft.cooked_porkchop":1,"stat.mineBlock.minecraft.coal_ore":83,"stat.pickup.minecraft.log":19,"stat.jump":391,"stat.swimOneCm":2097,"stat.pickup.minecraft.coal":144,"stat.fallOneCm":7976,"stat.craftItem.minecraft.shield":1,"stat.pickup.minecraft.furnace":3,"stat.craftItem.minecraft.stone_slab2":0,"stat.useItem.minecraft.stone_axe":4,"stat.craftItem.minecraft.iron_chestplate":1,"stat.crouchOneCm":2455,"stat.pickup.minecraft.chicken":9,"stat.useItem.minecraft.written_book":1,"stat.craftItem.minecraft.iron_ingot":32,"stat.craftItem.minecraft.torch":24,"stat.pickup.minecraft.sapling":3,"stat.pickup.minecraft.dirt":9,"stat.useItem.minecraft.dirt":5,"stat.craftItem.minecraft.iron_helmet":1,"stat.sprintOneCm":67612,"stat.useItem.minecraft.stone_slab2":14,"stat.useItem.cannibalism.playerflesh":1,"stat.craftItem.minecraft.stick":24,"stat.craftingTableInteraction":22,"stat.pickup.minecraft.iron_ore":32,"stat.pickup.minecraft.rotten_flesh":2,"stat.craftItem.minecraft.furnace":3,"stat.killEntity.wild_dog":1,"stat.craftItem.minecraft.planks":32,"stat.useItem.minecraft.iron_sword":45,"stat.killEntity.Chicken":9,"stat.craftItem.minecraft.stone_axe":2,"stat.craftItem.minecraft.iron_boots":1,"stat.mineBlock.minecraft.sea_lantern":1,"stat.craftItem.cannibalism.playerfleshcooked":1,"stat.damageTaken":397,"stat.mineBlock.minecraft.crafting_table":2,"stat.pickup.cannibalism.playerflesh":1,"stat.pickup.minecraft.feather":10,"stat.mineBlock.astralsorcery.blockmarble":18,"stat.craftItem.minecraft.stone_pickaxe":1,"stat.mineBlock.minecraft.furnace":2,"stat.useItem.minecraft.wooden_pickaxe":24,"stat.pickup.minecraft.cobblestone":51,"stat.mobKills":13,"stat.mineBlock.minecraft.log":3,"stat.pickup.minecraft.prismarine_crystals":1,"stat.craftItem.minecraft.stone_sword":1,"stat.flyOneCm":59080,"stat.deaths":1,"stat.entityKilledBy.wild_dog":1,"stat.pickup.minecraft.wheat_seeds":1,"stat.mineBlock.minecraft.leaves":8,"stat.pickup.minecraft.egg":4,"stat.playOneMinute":31483,"stat.mineBlock.minecraft.gravel":3,"stat.useItem.minecraft.stone_pickaxe":23,"stat.sneakTime":707,"stat.craftItem.minecraft.iron_pickaxe":1,"stat.useItem.minecraft.stone_sword":2,"stat.craftItem.minecraft.iron_leggings":1,"stat.useItem.cannibalism.playerfleshcooked":1,"stat.damageDealt":1185,"stat.pickup.astralsorcery.blockmarble":2,"stat.mineBlock.minecraft.iron_ore":32,"stat.killEntity.Zombie":2,"stat.timeSinceDeath":19762,"stat.pickup.zawa.care_guide":1,"stat.mineBlock.minecraft.dirt":9,"stat.useItem.minecraft.iron_pickaxe":148,"stat.craftItem.minecraft.wooden_pickaxe":1,"stat.mineBlock.minecraft.stone":51,"stat.mineBlock.minecraft.tallgrass":22,"stat.craftItem.minecraft.iron_sword":1,"stat.diveOneCm":728}