{"stat.killEntity.Bat":1,"stat.walkOneCm":49100,"stat.useItem.minecraft.torch":10,"stat.pickup.minecraft.stick":3,"stat.pickup.minecraft.gravel":3,"stat.pickup.minecraft.crafting_table":1,"stat.useItem.minecraft.cobblestone":3,"stat.craftItem.minecraft.crafting_table":2,"stat.furnaceInteraction":8,"stat.useItem.minecraft.gravel":1,"stat.mineBlock.minecraft.coal_ore":68,"stat.pickup.minecraft.log":19,"stat.jump":203,"stat.swimOneCm":1427,"stat.pickup.minecraft.coal":68,"stat.fallOneCm":4452,"stat.craftItem.minecraft.shield":1,"stat.pickup.minecraft.furnace":1,"stat.craftItem.minecraft.stone_slab2":0,"stat.useItem.minecraft.stone_axe":3,"stat.crouchOneCm":1774,"stat.useItem.minecraft.written_book":1,"stat.craftItem.minecraft.iron_ingot":9,"stat.craftItem.minecraft.torch":24,"stat.pickup.minecraft.sapling":3,"stat.pickup.minecraft.dirt":9,"stat.useItem.minecraft.dirt":5,"stat.sprintOneCm":40637,"stat.useItem.minecraft.stone_slab2":11,"stat.craftItem.minecraft.stick":24,"stat.craftingTableInteraction":11,"stat.pickup.minecraft.iron_ore":30,"stat.craftItem.minecraft.furnace":1,"stat.killEntity.wild_dog":1,"stat.craftItem.minecraft.planks":32,"stat.useItem.minecraft.iron_sword":5,"stat.craftItem.minecraft.stone_axe":1,"stat.damageTaken":290,"stat.mineBlock.minecraft.crafting_table":1,"stat.pickup.cannibalism.playerflesh":1,"stat.craftItem.minecraft.stone_pickaxe":1,"stat.useItem.minecraft.wooden_pickaxe":24,"stat.pickup.minecraft.cobblestone":38,"stat.mobKills":2,"stat.mineBlock.minecraft.log":3,"stat.craftItem.minecraft.stone_sword":1,"stat.flyOneCm":24174,"stat.deaths":1,"stat.entityKilledBy.wild_dog":1,"stat.mineBlock.minecraft.leaves":8,"stat.pickup.minecraft.egg":1,"stat.playOneMinute":19783,"stat.mineBlock.minecraft.gravel":3,"stat.useItem.minecraft.stone_pickaxe":23,"stat.sneakTime":493,"stat.craftItem.minecraft.iron_pickaxe":1,"stat.useItem.minecraft.stone_sword":2,"stat.damageDealt":288,"stat.mineBlock.minecraft.iron_ore":30,"stat.timeSinceDeath":8062,"stat.pickup.zawa.care_guide":1,"stat.mineBlock.minecraft.dirt":9,"stat.useItem.minecraft.iron_pickaxe":97,"stat.craftItem.minecraft.wooden_pickaxe":1,"stat.mineBlock.minecraft.stone":38,"stat.mineBlock.minecraft.tallgrass":2,"stat.craftItem.minecraft.iron_sword":1}