{"stat.killEntity.playermob":1,"stat.leaveGame":2,"stat.pickup.extrautils2.redorchid":1,"stat.pickup.astralsorcery.itemconstellationpaper":2,"stat.swimOneCm":4584,"stat.craftItem.minecraft.shield":1,"stat.pickup.minecraft.glowstone_dust":1,"stat.useItem.minecraft.dirt":36,"stat.useItem.minecraft.stone_slab2":17,"stat.pickup.minecraft.rotten_flesh":2,"stat.pickup.minecraft.sand":1,"stat.craftItem.minecraft.furnace":3,"stat.useItem.minecraft.egg":3,"stat.craftItem.minecraft.stone_axe":2,"stat.craftItem.minecraft.iron_boots":1,"stat.craftItem.minecraft.stone_pickaxe":1,"stat.pickup.minecraft.cobblestone":51,"stat.killEntity.if_cockatrice":1,"stat.craftItem.minecraft.stone_sword":1,"stat.flyOneCm":146657,"stat.mineBlock.minecraft.sand":1,"stat.pickup.iceandfire.ash":1,"stat.mineBlock.minecraft.iron_ore":32,"stat.timeSinceDeath":36188,"stat.useItem.minecraft.iron_pickaxe":152,"stat.craftItem.minecraft.wooden_pickaxe":1,"stat.killEntity.Bat":1,"stat.furnaceInteraction":55,"stat.useItem.minecraft.cooked_porkchop":1,"stat.mineBlock.minecraft.coal_ore":83,"stat.pickup.minecraft.wooden_sword":1,"stat.pickup.minecraft.string":1,"stat.pickup.dttraverse.autumn_yellowseed":9,"stat.pickup.minecraft.furnace":3,"stat.craftItem.minecraft.stone_slab2":0,"stat.useItem.minecraft.written_book":1,"stat.sprintOneCm":115655,"stat.craftItem.minecraft.stick":24,"stat.mineBlock.minecraft.sea_lantern":1,"stat.mineBlock.minecraft.crafting_table":2,"stat.mineBlock.astralsorcery.blockmarble":22,"stat.deaths":1,"stat.entityKilledBy.wild_dog":1,"stat.pickup.minecraft.egg":9,"stat.playOneMinute":47909,"stat.craftItem.minecraft.iron_pickaxe":1,"stat.killEntity.Zombie":3,"stat.pickup.minecraft.item_frame":1,"stat.pickup.zawa.care_guide":1,"stat.mineBlock.minecraft.tallgrass":33,"stat.diveOneCm":4452,"stat.chestOpened":8,"stat.pickup.dttraverse.autumn_orangeseed":2,"stat.pickup.minecraft.gravel":3,"stat.craftItem.minecraft.cooked_porkchop":1,"stat.pickup.minecraft.stone_axe":2,"stat.jump":804,"stat.pickup.minecraft.coal":144,"stat.fallOneCm":17418,"stat.useItem.minecraft.stone_axe":4,"stat.crouchOneCm":3500,"stat.craftItem.minecraft.iron_ingot":32,"stat.craftItem.minecraft.torch":24,"stat.pickup.minecraft.dirt":73,"stat.craftItem.minecraft.iron_helmet":1,"stat.useItem.minecraft.cooked_chicken":10,"stat.craftingTableInteraction":22,"stat.pickup.minecraft.iron_ore":32,"stat.pickup.rustic.horsetail":3,"stat.pickup.rustic.tomato_seeds":3,"stat.craftItem.cannibalism.playerfleshcooked":1,"stat.pickup.minecraft.feather":14,"stat.damageTaken":754,"stat.mineBlock.minecraft.furnace":2,"stat.useItem.minecraft.wooden_pickaxe":24,"stat.useItem.minecraft.furnace":1,"stat.pickup.minecraft.prismarine_crystals":1,"stat.pickup.minecraft.wheat_seeds":3,"stat.mineBlock.minecraft.gravel":3,"stat.useItem.minecraft.stone_pickaxe":23,"stat.useItem.minecraft.stone_sword":2,"stat.craftItem.minecraft.iron_leggings":1,"stat.useItem.cannibalism.playerfleshcooked":1,"stat.damageDealt":2289,"stat.mineBlock.minecraft.dirt":11,"stat.craftItem.minecraft.iron_sword":1,"stat.walkOneCm":118536,"stat.useItem.minecraft.torch":11,"stat.pickup.minecraft.stick":21,"stat.pickup.minecraft.crafting_table":2,"stat.useItem.minecraft.cobblestone":3,"stat.craftItem.minecraft.crafting_table":2,"stat.useItem.minecraft.gravel":2,"stat.pickup.minecraft.log":19,"stat.pickup.tektopia.structure_storage":1,"stat.craftItem.minecraft.iron_chestplate":1,"stat.pickup.minecraft.chicken":13,"stat.pickup.minecraft.sapling":3,"stat.pickup.minecraft.ender_pearl":1,"stat.useItem.cannibalism.playerflesh":4,"stat.pickup.minecraft.gold_ingot":1,"stat.killEntity.Skeleton":2,"stat.killEntity.wild_dog":1,"stat.useItem.minecraft.iron_sword":71,"stat.craftItem.minecraft.planks":32,"stat.killEntity.Chicken":13,"stat.pickup.cannibalism.playerflesh":5,"stat.killEntity.Spider":1,"stat.pickup.astralsorcery.itemcraftingcomponent":1,"stat.mobKills":22,"stat.mineBlock.minecraft.log":3,"stat.craftItem.minecraft.cooked_chicken":12,"stat.mineBlock.minecraft.leaves":8,"stat.pickup.minecraft.torch":1,"stat.sneakTime":1040,"stat.pickup.rustic.chili_pepper_seeds":1,"stat.pickup.astralsorcery.blockmarble":5,"stat.pickup.minecraft.yellow_flower":1,"stat.mineBlock.minecraft.stone":51}