{"stat.craftItem.minecraft.furnace":1,"stat.walkOneCm":15242,"stat.pickup.minecraft.stick":3,"stat.craftItem.minecraft.planks":12,"stat.craftItem.minecraft.stone_axe":1,"stat.pickup.minecraft.crafting_table":1,"stat.damageTaken":140,"stat.mineBlock.minecraft.crafting_table":1,"stat.craftItem.minecraft.crafting_table":1,"stat.furnaceInteraction":4,"stat.craftItem.minecraft.stone_pickaxe":1,"stat.useItem.minecraft.wooden_pickaxe":24,"stat.pickup.minecraft.cobblestone":20,"stat.mineBlock.minecraft.coal_ore":15,"stat.mineBlock.minecraft.log":3,"stat.pickup.minecraft.log":3,"stat.craftItem.minecraft.stone_sword":1,"stat.flyOneCm":10967,"stat.jump":85,"stat.mineBlock.minecraft.leaves":8,"stat.playOneMinute":7183,"stat.pickup.minecraft.coal":15,"stat.fallOneCm":2323,"stat.useItem.minecraft.stone_pickaxe":23,"stat.pickup.minecraft.furnace":1,"stat.sneakTime":143,"stat.craftItem.minecraft.stone_slab2":0,"stat.crouchOneCm":534,"stat.mineBlock.minecraft.iron_ore":6,"stat.pickup.zawa.care_guide":1,"stat.timeSinceDeath":7183,"stat.useItem.minecraft.written_book":1,"stat.craftItem.minecraft.iron_ingot":3,"stat.pickup.minecraft.sapling":3,"stat.pickup.minecraft.dirt":8,"stat.useItem.minecraft.dirt":5,"stat.sprintOneCm":14355,"stat.mineBlock.minecraft.dirt":8,"stat.useItem.minecraft.stone_slab2":6,"stat.craftItem.minecraft.wooden_pickaxe":1,"stat.mineBlock.minecraft.stone":20,"stat.craftItem.minecraft.stick":4,"stat.craftingTableInteraction":8,"stat.pickup.minecraft.iron_ore":6}