{"stat.walkOneCm":7992,"stat.craftItem.minecraft.planks":28,"stat.damageTaken":30,"stat.craftItem.minecraft.crafting_table":1,"stat.useItem.minecraft.wooden_pickaxe":5,"stat.pickup.minecraft.cobblestone":5,"stat.mineBlock.minecraft.log":7,"stat.pickup.minecraft.planks":18,"stat.pickup.minecraft.log":7,"stat.flyOneCm":8334,"stat.jump":49,"stat.mineBlock.minecraft.leaves":1,"stat.swimOneCm":756,"stat.playOneMinute":2990,"stat.fallOneCm":1823,"stat.sneakTime":67,"stat.damageDealt":10,"stat.crouchOneCm":129,"stat.pickup.zawa.care_guide":1,"stat.timeSinceDeath":2990,"stat.useItem.minecraft.written_book":1,"stat.sprintOneCm":6069,"stat.useItem.minecraft.stone_slab2":1,"stat.craftItem.minecraft.wooden_pickaxe":1,"stat.mineBlock.minecraft.stone":5,"stat.diveOneCm":1365,"stat.craftItem.minecraft.stick":12,"stat.craftingTableInteraction":1}