{"stat.craftItem.minecraft.stone_shovel":1,"stat.walkOneCm":57674,"stat.pickup.minecraft.arrow":1,"stat.pickup.minecraft.crafting_table":1,"stat.craftItem.minecraft.cooked_porkchop":12,"stat.craftItem.minecraft.crafting_table":1,"stat.furnaceInteraction":15,"stat.mineBlock.minecraft.coal_ore":34,"stat.pickup.minecraft.log":12,"stat.swimOneCm":1208,"stat.jump":275,"stat.pickup.immcraft.rock":1,"stat.pickup.minecraft.coal":78,"stat.fallOneCm":7013,"stat.useItem.astralsorcery.blockmarble":2,"stat.pickup.minecraft.furnace":2,"stat.useItem.minecraft.stone_axe":4,"stat.craftItem.minecraft.stone_slab2":0,"stat.pickup.minecraft.porkchop":13,"stat.crouchOneCm":310,"stat.pickup.minecraft.chicken":5,"stat.useItem.minecraft.written_book":1,"stat.sprintOneCm":25696,"stat.useItem.minecraft.stone_slab2":4,"stat.craftItem.minecraft.stick":12,"stat.useItem.minecraft.cooked_chicken":4,"stat.craftingTableInteraction":3,"stat.pickup.leatherworks.rawhide_pig":3,"stat.killEntity.Skeleton":2,"stat.craftItem.minecraft.furnace":2,"stat.mineBlock.immcraft.rock":1,"stat.craftItem.minecraft.planks":28,"stat.pickup.rustic.tomato_seeds":2,"stat.killEntity.Chicken":5,"stat.craftItem.minecraft.stone_axe":1,"stat.damageTaken":60,"stat.mineBlock.minecraft.crafting_table":1,"stat.pickup.minecraft.feather":8,"stat.craftItem.minecraft.stone_pickaxe":1,"stat.mineBlock.minecraft.furnace":2,"stat.useItem.minecraft.wooden_pickaxe":26,"stat.useItem.minecraft.furnace":1,"stat.pickup.minecraft.cobblestone":25,"stat.mobKills":16,"stat.mineBlock.minecraft.log":7,"stat.pickup.minecraft.planks":18,"stat.craftItem.minecraft.cooked_chicken":5,"stat.craftItem.minecraft.stone_sword":1,"stat.flyOneCm":48559,"stat.mineBlock.minecraft.leaves":1,"stat.pickup.minecraft.egg":1,"stat.playOneMinute":14690,"stat.useItem.minecraft.stone_pickaxe":44,"stat.sneakTime":184,"stat.useItem.minecraft.stone_sword":49,"stat.pickup.rustic.chili_pepper_seeds":1,"stat.damageDealt":1503,"stat.pickup.astralsorcery.blockmarble":3,"stat.timeSinceDeath":14690,"stat.pickup.zawa.care_guide":1,"stat.craftItem.minecraft.wooden_pickaxe":1,"stat.mineBlock.minecraft.stone":33,"stat.killEntity.Pig":8,"stat.mineBlock.minecraft.tallgrass":19,"stat.diveOneCm":2244}