{"stat.leaveGame":2,"stat.swimOneCm":18348,"stat.climbOneCm":1443,"stat.useItem.minecraft.planks":2,"stat.pickup.minecraft.porkchop":13,"stat.useItem.minecraft.dirt":17,"stat.useItem.minecraft.stone_slab2":11,"stat.pickup.minecraft.rotten_flesh":5,"stat.craftItem.minecraft.furnace":2,"stat.pickup.tektopia.structure_home2":4,"stat.craftItem.minecraft.stone_axe":1,"stat.pickup.tektopia.structure_home6":2,"stat.craftItem.minecraft.stone_pickaxe":1,"stat.pickup.minecraft.cobblestone":27,"stat.pickup.minecraft.wooden_hoe":2,"stat.useItem.minecraft.stone_shovel":5,"stat.craftItem.minecraft.stone_sword":1,"stat.flyOneCm":221889,"stat.pickup.magneticraft.ores":2,"stat.pickup.dynamictrees.spruceseed":4,"stat.timeSinceDeath":7763,"stat.pickup.chococraft.lovely_gysahl_green":6,"stat.craftItem.minecraft.wooden_pickaxe":1,"stat.useItem.minecraft.potato":18,"stat.furnaceInteraction":18,"stat.useItem.minecraft.cooked_porkchop":12,"stat.killEntity.ZombieVillager":3,"stat.mineBlock.minecraft.coal_ore":34,"stat.pickup.minecraft.string":1,"stat.pickup.tektopia.structure_townhall":1,"stat.useItem.astralsorcery.blockmarble":2,"stat.pickup.minecraft.furnace":2,"stat.pickup.tombstone.crafting_ingredient":3,"stat.craftItem.minecraft.stone_slab2":0,"stat.useItem.minecraft.written_book":1,"stat.sprintOneCm":135220,"stat.craftItem.minecraft.stick":12,"stat.mineBlock.minecraft.crafting_table":1,"stat.pickup.rustic.olives":1,"stat.useItem.minecraft.carrot":8,"stat.pickup.chococraft.gysahl_green_seeds":12,"stat.mineBlock.minecraft.planks":2,"stat.deaths":2,"stat.pickup.minecraft.egg":1,"stat.playOneMinute":60999,"stat.killEntity.Zombie":3,"stat.pickup.minecraft.item_frame":4,"stat.pickup.zawa.care_guide":1,"stat.mineBlock.minecraft.tallgrass":19,"stat.diveOneCm":9725,"stat.chestOpened":13,"stat.pickup.minecraft.arrow":1,"stat.craftItem.minecraft.cooked_porkchop":12,"stat.jump":1268,"stat.pickup.immcraft.rock":2,"stat.pickup.minecraft.coal":78,"stat.fallOneCm":28199,"stat.pickup.minecraft.carrot":30,"stat.useItem.minecraft.stone_axe":6,"stat.crouchOneCm":877,"stat.craftItem.minecraft.chest":1,"stat.pickup.minecraft.dirt":27,"stat.useItem.minecraft.cooked_chicken":5,"stat.craftingTableInteraction":4,"stat.pickup.leatherworks.rawhide_pig":3,"stat.mineBlock.immcraft.rock":1,"stat.pickup.rustic.tomato_seeds":2,"stat.damageTaken":1030,"stat.pickup.minecraft.feather":18,"stat.mineBlock.minecraft.furnace":2,"stat.useItem.minecraft.furnace":2,"stat.useItem.minecraft.wooden_pickaxe":26,"stat.pickup.minecraft.planks":20,"stat.pickup.minecraft.reeds":9,"stat.pickup.minecraft.bed":1,"stat.pickup.minecraft.potato":53,"stat.useItem.minecraft.stone_pickaxe":46,"stat.useItem.minecraft.stone_sword":104,"stat.damageDealt":3236,"stat.pickup.chococraft.gysahl_green":3,"stat.mineBlock.minecraft.dirt":12,"stat.killEntity.Pig":8,"stat.pickup.minecraft.poisonous_potato":1,"stat.mineBlock.magneticraft.ores":2,"stat.craftItem.minecraft.stone_shovel":1,"stat.walkOneCm":211812,"stat.pickup.minecraft.crafting_table":1,"stat.useItem.minecraft.cobblestone":1,"stat.craftItem.minecraft.crafting_table":1,"stat.pickup.minecraft.log":12,"stat.pickup.tektopia.structure_storage":1,"stat.pickup.minecraft.chicken":5,"stat.killEntity.Skeleton":3,"stat.craftItem.minecraft.planks":28,"stat.killEntity.Chicken":5,"stat.pickup.cannibalism.playerflesh":4,"stat.mobKills":24,"stat.mineBlock.minecraft.log":7,"stat.craftItem.minecraft.cooked_chicken":5,"stat.mineBlock.minecraft.leaves":1,"stat.sneakTime":596,"stat.pickup.rustic.chili_pepper_seeds":2,"stat.pickup.astralsorcery.blockmarble":3,"stat.pickup.minecraft.yellow_flower":1,"stat.mineBlock.minecraft.stone":33}