{"stat.chestOpened":9,"stat.craftItem.minecraft.stone_shovel":1,"stat.walkOneCm":161773,"stat.useItem.minecraft.potato":18,"stat.pickup.minecraft.arrow":1,"stat.pickup.minecraft.crafting_table":1,"stat.craftItem.minecraft.cooked_porkchop":12,"stat.craftItem.minecraft.crafting_table":1,"stat.furnaceInteraction":17,"stat.useItem.minecraft.cooked_porkchop":10,"stat.killEntity.ZombieVillager":3,"stat.mineBlock.minecraft.coal_ore":34,"stat.pickup.minecraft.log":12,"stat.swimOneCm":2228,"stat.jump":755,"stat.pickup.immcraft.rock":1,"stat.pickup.minecraft.coal":78,"stat.fallOneCm":15361,"stat.climbOneCm":696,"stat.pickup.tektopia.structure_townhall":1,"stat.useItem.astralsorcery.blockmarble":2,"stat.pickup.minecraft.furnace":2,"stat.pickup.tombstone.crafting_ingredient":3,"stat.pickup.tektopia.structure_storage":1,"stat.pickup.minecraft.carrot":30,"stat.useItem.minecraft.stone_axe":4,"stat.craftItem.minecraft.stone_slab2":0,"stat.pickup.minecraft.porkchop":13,"stat.crouchOneCm":341,"stat.pickup.minecraft.chicken":5,"stat.useItem.minecraft.written_book":1,"stat.craftItem.minecraft.chest":1,"stat.pickup.minecraft.dirt":6,"stat.sprintOneCm":83387,"stat.useItem.minecraft.stone_slab2":7,"stat.craftItem.minecraft.stick":12,"stat.useItem.minecraft.cooked_chicken":5,"stat.craftingTableInteraction":4,"stat.pickup.leatherworks.rawhide_pig":3,"stat.pickup.minecraft.rotten_flesh":5,"stat.killEntity.Skeleton":3,"stat.craftItem.minecraft.furnace":2,"stat.pickup.tektopia.structure_home2":4,"stat.mineBlock.immcraft.rock":1,"stat.craftItem.minecraft.planks":28,"stat.pickup.rustic.tomato_seeds":2,"stat.killEntity.Chicken":5,"stat.craftItem.minecraft.stone_axe":1,"stat.pickup.tektopia.structure_home6":2,"stat.damageTaken":250,"stat.mineBlock.minecraft.crafting_table":1,"stat.pickup.minecraft.feather":18,"stat.pickup.rustic.olives":1,"stat.craftItem.minecraft.stone_pickaxe":1,"stat.mineBlock.minecraft.furnace":2,"stat.useItem.minecraft.wooden_pickaxe":26,"stat.useItem.minecraft.furnace":2,"stat.useItem.minecraft.carrot":3,"stat.pickup.minecraft.cobblestone":25,"stat.mobKills":24,"stat.mineBlock.minecraft.log":7,"stat.pickup.minecraft.wooden_hoe":2,"stat.pickup.chococraft.gysahl_green_seeds":12,"stat.pickup.minecraft.planks":18,"stat.craftItem.minecraft.cooked_chicken":5,"stat.useItem.minecraft.stone_shovel":5,"stat.craftItem.minecraft.stone_sword":1,"stat.flyOneCm":122305,"stat.pickup.magneticraft.ores":2,"stat.mineBlock.minecraft.leaves":1,"stat.pickup.minecraft.egg":1,"stat.pickup.minecraft.potato":53,"stat.playOneMinute":38990,"stat.useItem.minecraft.stone_pickaxe":46,"stat.sneakTime":199,"stat.useItem.minecraft.stone_sword":103,"stat.pickup.rustic.chili_pepper_seeds":1,"stat.damageDealt":3124,"stat.pickup.astralsorcery.blockmarble":3,"stat.killEntity.Zombie":3,"stat.pickup.minecraft.item_frame":4,"stat.timeSinceDeath":38990,"stat.pickup.zawa.care_guide":1,"stat.pickup.chococraft.gysahl_green":3,"stat.pickup.minecraft.yellow_flower":1,"stat.pickup.chococraft.lovely_gysahl_green":6,"stat.mineBlock.minecraft.dirt":5,"stat.craftItem.minecraft.wooden_pickaxe":1,"stat.mineBlock.minecraft.stone":33,"stat.killEntity.Pig":8,"stat.mineBlock.minecraft.tallgrass":19,"stat.diveOneCm":2244,"stat.pickup.minecraft.poisonous_potato":1,"stat.mineBlock.magneticraft.ores":2}