{"stat.walkOneCm":13129,"stat.boatOneCm":12028,"stat.craftItem.minecraft.planks":52,"stat.leaveGame":5,"stat.mineBlock.minecraft.fence":1,"stat.useItem.minecraft.log":1,"stat.pickup.minecraft.crafting_table":1,"stat.damageTaken":520,"stat.pickup.cannibalism.playerflesh":7,"stat.mineBlock.minecraft.crafting_table":1,"stat.craftItem.minecraft.crafting_table":2,"stat.craftItem.minecraft.boat":1,"stat.mineBlock.minecraft.log":18,"stat.pickup.minecraft.log":18,"stat.flyOneCm":10908,"stat.useItem.minecraft.boat":1,"stat.deaths":1,"stat.drop":1,"stat.jump":72,"stat.mineBlock.minecraft.leaves":1,"stat.swimOneCm":1633,"stat.pickup.minecraft.fence":1,"stat.playOneMinute":12006,"stat.entityKilledBy.Zombie":1,"stat.fallOneCm":1649,"stat.climbOneCm":498,"stat.drop.tombstone.grave_key":1,"stat.sneakTime":154,"stat.crouchOneCm":672,"stat.pickup.zawa.care_guide":1,"stat.timeSinceDeath":10139,"stat.pickup.minecraft.sapling":2,"stat.useItem.minecraft.wooden_axe":6,"stat.sprintOneCm":9149,"stat.useItem.minecraft.stone_slab2":2,"stat.craftItem.minecraft.wooden_pickaxe":1,"stat.diveOneCm":5574,"stat.craftItem.minecraft.stick":4,"stat.craftItem.minecraft.wooden_axe":1,"stat.craftingTableInteraction":2}