{"stat.chestOpened":7,"stat.walkOneCm":77012,"stat.entityKilledBy.stymphalianbird":1,"stat.leaveGame":5,"stat.pickup.minecraft.crafting_table":2,"stat.useItem.minecraft.log":1,"stat.craftItem.minecraft.crafting_table":2,"stat.killEntity.piranha":1,"stat.mineBlock.minecraft.double_plant":1,"stat.craftItem.minecraft.boat":2,"stat.pickup.minecraft.log":18,"stat.mineBlock.treasure2.ironbound_chest":1,"stat.jump":676,"stat.swimOneCm":14110,"stat.pickup.minecraft.fence":1,"stat.pickup.immcraft.rock":1,"stat.fallOneCm":20338,"stat.climbOneCm":2308,"stat.pickup.tektopia.structure_townhall":1,"stat.crouchOneCm":672,"stat.useItem.minecraft.written_book":1,"stat.pickup.minecraft.sapling":2,"stat.pickup.minecraft.dirt":4,"stat.sprintOneCm":62730,"stat.useItem.minecraft.stone_slab2":3,"stat.useItem.cannibalism.playerflesh":9,"stat.pickup.ferdinandsflowers.block_cff_desert":1,"stat.craftItem.minecraft.stick":4,"stat.craftItem.minecraft.wooden_axe":1,"stat.craftingTableInteraction":3,"stat.entityKilledBy.siren":1,"stat.killEntity.wild_dog":1,"stat.boatOneCm":21879,"stat.craftItem.minecraft.planks":52,"stat.mineBlock.minecraft.fence":1,"stat.pickup.tektopia.structure_home6":1,"stat.damageTaken":1390,"stat.pickup.cannibalism.playerflesh":14,"stat.mineBlock.minecraft.crafting_table":2,"stat.mobKills":2,"stat.drop.ferdinandsflowers.block_cff_desert":1,"stat.mineBlock.minecraft.log":18,"stat.entityKilledBy.piranha":1,"stat.flyOneCm":150974,"stat.useItem.minecraft.boat":2,"stat.deaths":5,"stat.drop":2,"stat.mineBlock.minecraft.leaves":1,"stat.playOneMinute":36306,"stat.entityKilledBy.Zombie":1,"stat.drop.tombstone.grave_key":1,"stat.sneakTime":154,"stat.damageDealt":328,"stat.pickup.astralsorcery.blockmarble":2,"stat.timeSinceDeath":2046,"stat.pickup.zawa.care_guide":1,"stat.useItem.minecraft.wooden_axe":22,"stat.mineBlock.minecraft.dirt":4,"stat.craftItem.minecraft.wooden_pickaxe":1,"stat.mineBlock.minecraft.tallgrass":1,"stat.diveOneCm":26888}